source_document_id,claim_id,policy_number,member_first_name,member_last_name,member_dob,provider_npi,service_date,admission_date,discharge_date,diagnosis_codes,procedure_codes,billed_amount,currency,ocr_confidence,extracted_ssn,extracted_notes,expected_quality,noise_type
DOC-0001,CLM-4001,POL-100001,Bob,Wilson,1956-02-02,9100000008,2026-06-01,,,E11.9|I25.10,70002|70003,373.75,USD,0.443,,Clean OCR extraction,GOOD,NONE
DOC-0002,CLM-4002,POL-100002,Carol,Anderson,1957-03-03,9100000015,2026-06-02,,,K21.9|S93.401A,70004|70005,397.50,USD,0.992,,Clean OCR extraction,GOOD,NONE
DOC-0003,CLM-4003,POL-100003,David,White,1958-04-04,9100000022,2026-06-03,,,I10|N39.0,70006|70007,421.25,USD,0.659,,Clean OCR extraction,GOOD,NONE
DOC-0004,CLM-4004,POL-100004,Eva,Thompson,1959-05-05,9100000029,2026-06-04,,,F41.9|L30.9,70008|70009,445.00,USD,0.107,,Clean OCR extraction,GOOD,NONE
DOC-0005,CLM-4005,POL-100005,Frank,Robinson,1960-06-06,9100000036,2026-06-05,,,R51.9|M79.1,70010|70011,468.75,USD,0.930,,Clean OCR extraction,GOOD,NONE
DOC-0006,CLM-4006,POL-100006,Grace,Lewis,1961-07-07,9100000043,2026-06-06,,,K52.9|R07.9,70012|70013,492.50,USD,0.542,,Clean OCR extraction,GOOD,NONE
DOC-0007,CLM-4007,POL-100007,Henry,Hall,1962-08-08,9100000050,2026-06-07,,,R05.9|M54.5,70014|70015,516.25,USD,0.884,,Clean OCR extraction,GOOD,NONE
DOC-0008,CLM-4008,POL-100008,Irene,King,1963-09-09,9100000057,2026-06-08,,,I25.10|M25.561,70016|70017,540.00,USD,0.817,,Clean OCR extraction,GOOD,NONE
DOC-0009,CLM-4009,POL-100009,Jack,Miller,1964-10-10,9100000064,2026-06-09,,,S93.401A|R10.9,70018|70019,563.75,USD,0.910,,Clean OCR extraction,GOOD,NONE
DOC-0010,CLM-4010,POL-100010,Karen,Brown,1965-11-11,9100000071,2026-06-10,,,N39.0|G43.909,70020|70021,587.50,USD,0.779,,Clean OCR extraction,GOOD,NONE
DOC-0011,CLM-4011,POL-100011,Leo,Thomas,1966-12-12,9100000078,2026-06-11,,,L30.9|H10.9,70022|70023,611.25,USD,0.382,,Clean OCR extraction,GOOD,NONE
DOC-0012,CLM-4012,POL-100012,Maya,Harris,1967-01-13,9100000085,2026-06-12,,,M79.1|J45.909,70024|70025,635.00,USD,0.864,,Clean OCR extraction,GOOD,NONE
DOC-0013,CLM-4013,POL-100013,Nina,Garcia,1968-02-14,9100000092,2026-06-13,,,R07.9|J18.9,70026|70027,658.75,USD,0.719,,Clean OCR extraction,GOOD,NONE
DOC-0014,CLM-4014,POL-100014,Owen,Clark,1969-03-15,9100000099,2026-06-14,,,M54.5|E11.9,70028|70029,682.50,USD,0.668,,Clean OCR extraction,GOOD,NONE
DOC-0015,CLM-4015,POL-100015,Priya,Lee,1970-04-16,9100000006,2026-06-15,,,M25.561|K21.9,70030|70031,706.25,USD,0.816,,Clean OCR extraction,GOOD,NONE
DOC-0016,CLM-4016,POL-100016,Quinn,Allen,1971-05-17,9100000013,2026-06-16,,,R10.9|I10,70032|70033,730.00,USD,0.425,,Clean OCR extraction,GOOD,NONE
DOC-0017,CLM-4017,POL-100017,Ravi,Wright,1972-06-18,9100000020,2026-06-17,,,G43.909|F41.9,70034|70035,753.75,USD,0.216,,Clean OCR extraction,GOOD,NONE
DOC-0018,CLM-4018,POL-100018,Sara,Davis,1973-07-19,9100000027,2026-06-18,,,H10.9|R51.9,70036|70037,777.50,USD,0.977,,Clean OCR extraction,GOOD,NONE
DOC-0019,CLM-4019,POL-100019,Tom,Taylor,1974-08-20,9100000034,2026-06-19,,,J45.909|K52.9,70038|70039,801.25,USD,0.967,,Clean OCR extraction,GOOD,NONE
DOC-0020,CLM-4020,POL-100020,Uma,Jackson,1975-09-21,9100000041,2026-06-20,,,J18.9|R05.9,70040|70041,825.00,USD,0.825,,Clean OCR extraction,GOOD,NONE
DOC-0021,CLM-4021,POL-100021,Victor,Martin,1976-10-22,9100000048,2026-06-21,,,E11.9|I25.10,70042|70043,848.75,USD,0.909,,Clean OCR extraction,GOOD,NONE
DOC-0022,CLM-4022,POL-100022,Wendy,Martinez,1977-11-23,9100000055,2026-06-22,,,K21.9|S93.401A,70044|70045,872.50,USD,0.902,,Clean OCR extraction,GOOD,NONE
DOC-0023,CLM-4023,POL-100023,Xavier,Rodriguez,1978-12-24,9100000062,2026-06-23,,,I10|N39.0,70046|70047,896.25,USD,0.789,,Clean OCR extraction,GOOD,NONE
DOC-0024,CLM-4024,POL-100024,Yara,Walker,1979-01-25,9100000069,2026-06-24,,,F41.9|L30.9,70048|70049,920.00,USD,0.940,,Clean OCR extraction,GOOD,NONE
DOC-0025,CLM-4025,POL-100025,Zane,Young,1980-02-26,9100000076,2026-06-25,,,R51.9|M79.1,70000|70001,943.75,USD,0.885,,Clean OCR extraction,GOOD,NONE
DOC-0026,CLM-4026,POL-100026,Alice,Johnson,1981-03-27,9100000083,2026-06-26,,,K52.9|R07.9,70002|70003,967.50,USD,0.944,,Clean OCR extraction,GOOD,NONE
DOC-0027,CLM-4027,POL-100027,Bob,Wilson,1982-04-01,9100000090,2026-06-27,,,R05.9|M54.5,70004|70005,991.25,USD,0.883,,Clean OCR extraction,GOOD,NONE
DOC-0028,CLM-4028,POL-100028,Carol,Anderson,1983-05-02,9100000097,2026-06-28,,,I25.10|M25.561,70006|70007,1015.00,USD,0.751,,Clean OCR extraction,GOOD,NONE
DOC-0029,CLM-4029,POL-100029,David,White,1984-06-03,9100000004,2026-06-01,,,S93.401A|R10.9,70008|70009,1038.75,USD,0.831,,Clean OCR extraction,GOOD,NONE
DOC-0030,CLM-4030,POL-100030,Eva,Thompson,1985-07-04,9100000011,2026-06-02,,,N39.0|G43.909,70010|70011,1062.50,USD,0.756,,Clean OCR extraction,GOOD,NONE
DOC-0031,CLM-4031,POL-100031,Frank,Robinson,1986-08-05,9100000018,2026-06-03,,,L30.9|H10.9,70012|70013,1086.25,USD,0.703,,Clean OCR extraction,GOOD,NONE
DOC-0032,CLM-4032,POL-100032,Grace,Lewis,1987-09-06,9100000025,2026-06-04,,,M79.1|J45.909,70014|70015,1110.00,USD,0.969,,Clean OCR extraction,GOOD,NONE
DOC-0033,CLM-4033,POL-100033,Henry,Hall,1988-10-07,9100000032,2026-06-05,,,R07.9|J18.9,70016|70017,1133.75,USD,0.640,,Clean OCR extraction,GOOD,NONE
DOC-0034,CLM-4034,POL-100034,Irene,King,1989-11-08,9100000039,2026-06-06,,,M54.5|E11.9,70018|70019,1157.50,USD,0.827,,Clean OCR extraction,GOOD,NONE
DOC-0035,CLM-4035,POL-100035,Jack,Miller,1990-12-09,9100000046,2026-06-07,,,M25.561|K21.9,70020|70021,1181.25,USD,0.765,,Clean OCR extraction,GOOD,NONE
DOC-0036,CLM-4036,POL-100036,Karen,Brown,1991-01-10,9100000053,2026-06-08,,,R10.9|I10,70022|70023,1205.00,USD,0.969,,Clean OCR extraction,GOOD,NONE
DOC-0037,CLM-4037,POL-100037,Leo,Thomas,1992-02-11,9100000060,2026-06-09,,,G43.909|F41.9,70024|70025,1228.75,USD,0.715,,Clean OCR extraction,GOOD,NONE
DOC-0038,CLM-4038,POL-100038,Maya,Harris,1993-03-12,9100000067,2026-06-10,,,H10.9|R51.9,70026|70027,1252.50,USD,0.156,,Clean OCR extraction,GOOD,NONE
DOC-0039,CLM-4039,POL-100039,Nina,Garcia,1994-04-13,9100000074,2026-06-11,,,J45.909|K52.9,70028|70029,1276.25,USD,0.872,,Clean OCR extraction,GOOD,NONE
DOC-0040,CLM-4040,POL-100040,Owen,Clark,1995-05-14,9100000081,2026-06-12,,,J18.9|R05.9,70030|70031,1300.00,USD,0.768,,Clean OCR extraction,GOOD,NONE
DOC-0041,CLM-4041,POL-100041,Priya,Lee,1996-06-15,9100000088,2026-06-13,,,E11.9|I25.10,70032|70033,1323.75,USD,0.940,,Clean OCR extraction,GOOD,NONE
DOC-0042,CLM-4042,POL-100042,Quinn,Allen,1997-07-16,9100000095,2026-06-14,,,K21.9|S93.401A,70034|70035,1347.50,USD,0.941,,Clean OCR extraction,GOOD,NONE
DOC-0043,CLM-4043,POL-100043,Ravi,Wright,1998-08-17,9100000002,2026-06-15,,,I10|N39.0,70036|70037,1371.25,USD,0.183,,Clean OCR extraction,GOOD,NONE
DOC-0044,CLM-4044,POL-100044,Sara,Davis,1999-09-18,9100000009,2026-06-16,,,F41.9|L30.9,70038|70039,1395.00,USD,0.408,,Clean OCR extraction,GOOD,NONE
DOC-0045,CLM-4045,POL-100045,Tom,Taylor,1955-10-19,9100000016,2026-06-17,,,R51.9|M79.1,70040|70041,1418.75,USD,0.457,,Clean OCR extraction,GOOD,NONE
DOC-0046,CLM-4046,POL-100046,Uma,Jackson,1956-11-20,9100000023,2026-06-18,,,K52.9|R07.9,70042|70043,1442.50,USD,0.272,,Clean OCR extraction,GOOD,NONE
DOC-0047,CLM-4047,POL-100047,Victor,Martin,1957-12-21,9100000030,2026-06-19,,,R05.9|M54.5,70044|70045,1466.25,USD,0.967,,Clean OCR extraction,GOOD,NONE
DOC-0048,CLM-4048,POL-100048,Wendy,Martinez,1958-01-22,9100000037,2026-06-20,,,I25.10|M25.561,70046|70047,1490.00,USD,0.375,,Clean OCR extraction,GOOD,NONE
DOC-0049,CLM-4049,POL-100049,Xavier,Rodriguez,1959-02-23,9100000044,2026-06-21,,,S93.401A|R10.9,70048|70049,1513.75,USD,0.804,,Clean OCR extraction,GOOD,NONE
DOC-0050,CLM-4050,POL-100050,Yara,Walker,1960-03-24,9100000051,2026-06-22,,,N39.0|G43.909,70000|70001,1537.50,USD,0.885,,Clean OCR extraction,GOOD,NONE
DOC-0051,CLM-4051,POL-100051,Zane,Young,1961-04-25,9100000058,2026-06-23,,,L30.9|H10.9,70002|70003,1561.25,USD,0.932,,Clean OCR extraction,GOOD,NONE
DOC-0052,CLM-4052,POL-100052,Alice,Johnson,1962-05-26,9100000065,2026-06-24,,,M79.1|J45.909,70004|70005,1585.00,USD,0.801,,Clean OCR extraction,GOOD,NONE
DOC-0053,CLM-4053,POL-100053,Bob,Wilson,1963-06-27,9100000072,2026-06-25,,,R07.9|J18.9,70006|70007,1608.75,USD,0.302,,Clean OCR extraction,GOOD,NONE
DOC-0054,CLM-4054,POL-100054,Carol,Anderson,1964-07-01,9100000079,2026-06-26,,,M54.5|E11.9,70008|70009,1632.50,USD,0.998,,Clean OCR extraction,GOOD,NONE
DOC-0055,CLM-4055,POL-100055,David,White,1965-08-02,9100000086,2026-06-27,,,M25.561|K21.9,70010|70011,1656.25,USD,0.912,,Clean OCR extraction,GOOD,NONE
DOC-0056,CLM-4056,POL-100056,Eva,Thompson,1966-09-03,9100000093,2026-06-28,,,R10.9|I10,70012|70013,1680.00,USD,0.860,,Clean OCR extraction,GOOD,NONE
DOC-0057,CLM-4057,POL-100057,Frank,Robinson,1967-10-04,9100000100,2026-06-01,,,G43.909|F41.9,70014|70015,1703.75,USD,0.879,,Clean OCR extraction,GOOD,NONE
DOC-0058,CLM-4058,POL-100058,Grace,Lewis,1968-11-05,9100000007,2026-06-02,,,H10.9|R51.9,70016|70017,1727.50,USD,0.781,,Clean OCR extraction,GOOD,NONE
DOC-0059,CLM-4059,POL-100059,Henry,Hall,1969-12-06,9100000014,2026-06-03,,,J45.909|K52.9,70018|70019,1751.25,USD,0.807,,Clean OCR extraction,GOOD,NONE
DOC-0060,CLM-4060,POL-100060,Irene,King,1970-01-07,9100000021,2026-06-04,,,J18.9|R05.9,70020|70021,1775.00,USD,0.835,,Clean OCR extraction,GOOD,NONE
DOC-0061,CLM-4061,POL-100061,Ja,Miller,1971-02-08,9100000028,2026-06-05,,,E11.9|I25.10,70022|70023,1798.75,USD,0.482,,Clean OCR extraction,NOISY,HALF_FIRST_NAME
DOC-0062,CLM-4062,POL-100062,Karen,Br,1972-03-09,9100000035,2026-06-06,,,K21.9|S93.401A,70024|70025,1822.50,USD,0.249,,Clean OCR extraction,NOISY,HALF_LAST_NAME
DOC-0063,CLM-4063,POL-100063,Leo,Th0mas,1973-04-10,9100000042,2026-06-07,,,I10|N39.0,70026|70027,1846.25,USD,0.806,,Clean OCR extraction,NOISY,O_AS_ZERO
DOC-0064,CLM-4064,POL-100064,Maya,Harris,1974-05-11,9100000049,2026-06-08,,,F41.9|L30.9,70028|70029,1870.00,USD,0.769,,Clean OCR extraction,NOISY,I_AS_ONE
DOC-0065,CLM-4065,POL-100065,Nina,Garcia,1975-06-12,9100000056,2026-06-09,,,R51.9|M79.1,70030|70031,1893.75,USD,0.510,,Clean OCR extraction,NOISY,S_AS_FIVE
DOC-0066,CLM-4066,,Owen,Clark,1976-07-13,9100000063,2026-06-10,,,K52.9|R07.9,70032|70033,1917.50,USD,0.808,,Clean OCR extraction,NOISY,MISSING_POLICY
DOC-0067,CLM-4067,POL-100067,Priya,Lee,1977-08-14,,2026-06-11,,,R05.9|M54.5,70034|70035,1941.25,USD,0.688,,Clean OCR extraction,NOISY,MISSING_PROVIDER_NPI
DOC-0068,CLM-4068,POL-100068,Quinn,Allen,,9100000077,2026-06-12,,,I25.10|M25.561,70036|70037,1965.00,USD,0.964,,Clean OCR extraction,NOISY,MISSING_DOB
DOC-0069,CLM-4069,POL-100069,Ravi,Wright,1979-10-16,9100000084,2026-06-13,,,S93.401A|R10.9,,1988.75,USD,0.769,,Clean OCR extraction,NOISY,MISSING_PROCEDURES
DOC-0070,CLM-4070,POL-100070,Sara,,,,2026-06-14,,,N39.0|G43.909,,2012.50,USD,0.254,,Clean OCR extraction,NOISY,MULTIPLE_MISSING_FIELDS
DOC-0071,CLM-4071,POL-100071,Tom,Taylor,1981-12-18,9100000098,2026-19-44,,,L30.9|H10.9,70042|70043,2036.25,USD,0.917,,Clean OCR extraction,NOISY,INVALID_SERVICE_DATE
DOC-0072,CLM-4072,POL-100072,Uma,Jackson,01/19/82,9100000005,2026-06-16,,,M79.1|J45.909,70044|70045,2060.00,USD,0.804,,Clean OCR extraction,NOISY,AMBIGUOUS_DOB
DOC-0073,CLM-4073,POL-100073,Victor,Martin,1983-02-20,910000,2026-06-17,,,R07.9|J18.9,70046|70047,2083.75,USD,0.784,,Clean OCR extraction,NOISY,TRUNCATED_NPI
DOC-0074,CLM-4074,POL-100074,Wendy,Martinez,1984-03-21,910 000 0019,2026-06-18,,,M54.5|E11.9,70048|70049,2107.50,USD,0.707,,Clean OCR extraction,NOISY,NPI_SPACES
DOC-0075,CLM-4075,POL-100075,Xavier,Rodriguez,1985-04-22,91-000.00026,2026-06-19,,,M25.561|K21.9,70000|70001,2131.25,USD,0.893,,Clean OCR extraction,NOISY,NPI_PUNCTUATION
DOC-0076,CLM-4076,100076,Yara,Walker,1986-05-23,9100000033,2026-06-20,,,R10.9|I10,70002|70003,2155.00,USD,0.868,,Clean OCR extraction,NOISY,POLICY_PREFIX_DROPPED
DOC-0077,CLM-4077,POL-IOOO77,Zane,Young,1987-06-24,9100000040,2026-06-21,,,G43.909|F41.9,70004|70005,2178.75,USD,0.609,,Clean OCR extraction,NOISY,POLICY_CHAR_CONFUSION
DOC-0078,CLM-4078,POL-100078,Al ice,Johnson,1988-07-25,9100000047,2026-06-22,,,H10.9|R51.9,70006|70007,2202.50,USD,0.951,,Clean OCR extraction,NOISY,NAME_SPLIT
DOC-0079,CLM-4079,POL-100079,BobWilson,,1989-08-26,9100000054,2026-06-23,,,J45.909|K52.9,70008|70009,2226.25,USD,0.798,,Clean OCR extraction,NOISY,NAME_MERGED
DOC-0080,CLM-4080,POL-100080,@@F1r$t??,Anderson,1990-09-27,9100000061,2026-06-24,,,J18.9|R05.9,70010|70011,2250.00,USD,0.775,,Clean OCR extraction,NOISY,NAME_GARBAGE
DOC-0081,CLM-4081,POL-100081,David,White,1991-10-01,9100000068,2026-06-25,,,E11.9|I25.10,"70012, ; 70013",2273.75,USD,0.380,,Clean OCR extraction,NOISY,BROKEN_CODE_DELIMITER
DOC-0082,CLM-4082,POL-100082,Eva,Thompson,1992-11-02,9100000075,2026-06-26,,,K219|S93401A,70014|70015,2297.50,USD,0.856,,Clean OCR extraction,NOISY,CORRUPTED_DIAGNOSIS
DOC-0083,CLM-4083,POL-100083,Frank,Robinson,1993-12-03,9100000082,2026-06-27,,,I10|N39.0,70016|7,2321.25,USD,0.867,,Clean OCR extraction,NOISY,PARTIAL_PROCEDURE_CODE
DOC-0084,CLM-4084,POL-100084,Grace,Lewis,1994-01-04,9100000089,2026-06-28,,,F41.9|L30.9,70018|70019,$2345.00,USD,0.932,,Clean OCR extraction,NOISY,AMOUNT_WITH_CURRENCY_SYMBOL
DOC-0085,CLM-4085,POL-100085,Henry,Hall,1995-02-05,9100000096,2026-06-01,,,R51.9|M79.1,70020|70021,"2368,75",USD,0.918,,Clean OCR extraction,NOISY,AMOUNT_COMMA_DECIMAL
DOC-0086,CLM-4086,POL-100086,Irene,King,1996-03-06,9100000003,2026-06-02,,,K52.9|R07.9,70022|70023,2392.5O,USD,0.995,,Clean OCR extraction,NOISY,AMOUNT_O_AS_ZERO
DOC-0087,CLM-4087,POL-100087,Jack,Miller,1997-04-07,9100000010,2026-06-03,,,R05.9|M54.5,70024|70025,-2416.25,USD,0.775,,Clean OCR extraction,NOISY,NEGATIVE_AMOUNT
DOC-0088,CLM-4088,,,,,,,,,,,,,0.851,,Unreadable blank scan,NOISY,EMPTY_DOCUMENT
DOC-0089,CLM-4089,POL-100089,Leo,Thomas,1999-06-09,9100000024,2026-06-05,,,S93.401A|R10.9,70028|70029,2463.75,USD,0.835,,Clean OCR extraction,NOISY,LOW_CONFIDENCE
DOC-0090,CLM-4090,POL-100090,Maya,Harris,1955-07-10,9100000031,2026-06-06,,,N39.0|G43.909,70030|70031,2487.50,USD,0.965,123-45-6789,Patient SSN 123-45-6789; phone 408-555-0137,NOISY,PII_IN_NOTES
DOC-0091,CLM-4091,POL-100091,José?,Garcia,1956-08-11,9100000038,2026-06-07,,,L30.9|H10.9,70032|70033,2511.25,USD,0.813,,Paciente parcialmente legible अस्पष्ट,NOISY,MULTILINGUAL_NOISE
DOC-0092,CLM-4092,"POL-
100092",Owen,Clark,1957-09-12,9100000045,2026-06-08,,,M79.1|J45.909,"70034
70035",2535.00,USD,0.798,,Clean OCR extraction,NOISY,LINE_BREAK_ARTIFACT
DOC-0093,CLM-4093,POL-100093,Priya,PATIENT LAST NAME,1958-10-13,9100000052,DATE OF SERVICE,,,R07.9|J18.9,70036|70037,2558.75,USD,0.862,,Clean OCR extraction,NOISY,HEADER_AS_VALUE
DOC-0094,CLM-4094,POL-100094,Quinn,Allen,NULL,9100000059,2026-06-10,,,N/A,70038|70039,2582.50,USD,0.856,,Clean OCR extraction,NOISY,NULL_LITERAL
DOC-0095,CLM-4095,	POL-100095 ,   Ravi  ,Wright,1960-12-15,9100000066,2026-06-11,,,M25.561|K21.9,70040|70041,2606.25,USD,0.820,,Clean OCR extraction,NOISY,WHITESPACE_NOISE
DOC-0096,CLM-4096,POL-100096,Sara,Davis,1961-01-16,9100000073,2026-06-12,,,R10.9|I10,70042|70043,2630.00,USO,0.262,,Clean OCR extraction,NOISY,UNSUPPORTED_CURRENCY
DOC-0097,CLM-4097,POL-100097,Tom,Taylor,1962-02-17,9100000080,2026-06-13,,,G43.909|F41.9,70044|70045,2653.75,USD,0.980,,Clean OCR extraction,NOISY,CONFIDENCE_OVER_ONE
DOC-0098,CLM-4098,POL-100098,Uma,Jackson,1963-03-18,9100000087,2026-06-14,,,H10.9|R51.9,70046|70047,2677.50,USD,0.861,,Clean OCR extraction,NOISY,CONFIDENCE_NEGATIVE
DOC-0099,CLM-4099,POL-100099,Victor,Martin,1964-04-19,9100000094,2026-06-15,2026-06-20,2026-06-18,J45.909|K52.9,70048|70049,2701.25,USD,0.965,,Clean OCR extraction,NOISY,ADMISSION_AFTER_DISCHARGE
DOC-0100,CLM-4100,POL-100100,Wendy,Martinez,1965-05-20,9100000001,2026-06-20,2026-06-10,2026-06-12,J18.9|R05.9,70000|70001,2725.00,USD,0.887,,Clean OCR extraction,NOISY,SERVICE_OUTSIDE_STAY
DOC-0101,CLM-4101,###POL-100101??,Xavier,Rodriguez,1966-06-21,9100000008,2026-06-17,,,E11.9|I25.10,70002|70003,2748.75,USD,0.764,,Clean OCR extraction,NOISY,EXTRA_RANDOM_CHARACTERS
DOC-0102,CLM-4102,POL-100102,Yara,Walker Walker,1967-07-22,9100000015,2026-06-18,,,K21.9|S93.401A,70004|70005,2772.50,USD,0.749,,Clean OCR extraction,NOISY,DUPLICATED_TOKEN
DOC-0103,CLM-4103,POL-100103,enaZ,Young,1968-08-23,9100000022,2026-06-19,,,I10|N39.0,70006|70007,2796.25,USD,0.958,,Clean OCR extraction,NOISY,ROTATED_TEXT_ARTIFACT
DOC-0104,CLM-4104,POL-100104,Alice,Johnson,1969-09-24,9100000029,2026-06-20,,,F41.9|L30.9,70008|70009,2820.00,USD,0.729,,☒ inpatient ☐ outpatient,NOISY,CHECKBOX_AS_TEXT
DOC-0105,CLM-4105,POL-100105,Bob,Wilson,1970-10-25,9100000036,2026-06-21,,,R51.9|M79.1|?scribble,70010|70011,2843.75,USD,0.981,,Clean OCR extraction,NOISY,HANDWRITING_FRAGMENT
DOC-0106,CLM-4106,POL-100106,Carol,Anderson,1971-11-26,9100000043 / 9100000002,2026-06-22,,,K52.9|R07.9,70012|70013,2867.50,USD,0.651,,Clean OCR extraction,NOISY,MULTIPLE_VALUES_SAME_FIELD
DOC-0107,CLM-4107,POL-100107,Da,White,1972-12-27,9100000050,2026-06-23,,,R05.9|M54.5,70014|70015,2891.25,USD,0.208,,Clean OCR extraction,NOISY,HALF_FIRST_NAME
DOC-0108,CLM-4108,POL-100108,Eva,Thom,1973-01-01,9100000057,2026-06-24,,,I25.10|M25.561,70016|70017,2915.00,USD,0.871,,Clean OCR extraction,NOISY,HALF_LAST_NAME
DOC-0109,CLM-4109,POL-100109,Frank,R0bins0n,1974-02-02,9100000064,2026-06-25,,,S93.401A|R10.9,70018|70019,2938.75,USD,0.804,,Clean OCR extraction,NOISY,O_AS_ZERO
DOC-0110,CLM-4110,POL-100110,Grace,Lewis,1975-03-03,9100000071,2026-06-26,,,N39.0|G43.909,70020|70021,2962.50,USD,0.850,,Clean OCR extraction,NOISY,I_AS_ONE
DOC-0111,CLM-4111,POL-100111,Henry,Hall,1976-04-04,9100000078,2026-06-27,,,L30.9|H10.9,70022|70023,2986.25,USD,0.138,,Clean OCR extraction,NOISY,S_AS_FIVE
DOC-0112,CLM-4112,,Irene,King,1977-05-05,9100000085,2026-06-28,,,M79.1|J45.909,70024|70025,3010.00,USD,0.346,,Clean OCR extraction,NOISY,MISSING_POLICY
DOC-0113,CLM-4113,POL-100113,Jack,Miller,1978-06-06,,2026-06-01,,,R07.9|J18.9,70026|70027,3033.75,USD,0.995,,Clean OCR extraction,NOISY,MISSING_PROVIDER_NPI
DOC-0114,CLM-4114,POL-100114,Karen,Brown,,9100000099,2026-06-02,,,M54.5|E11.9,70028|70029,3057.50,USD,0.272,,Clean OCR extraction,NOISY,MISSING_DOB
DOC-0115,CLM-4115,POL-100115,Leo,Thomas,1980-08-08,9100000006,2026-06-03,,,M25.561|K21.9,,3081.25,USD,0.945,,Clean OCR extraction,NOISY,MISSING_PROCEDURES
DOC-0116,CLM-4116,POL-100116,Maya,,,,2026-06-04,,,R10.9|I10,,3105.00,USD,0.864,,Clean OCR extraction,NOISY,MULTIPLE_MISSING_FIELDS
DOC-0117,CLM-4117,POL-100117,Nina,Garcia,1982-10-10,9100000020,2026-19-44,,,G43.909|F41.9,70034|70035,3128.75,USD,0.856,,Clean OCR extraction,NOISY,INVALID_SERVICE_DATE
DOC-0118,CLM-4118,POL-100118,Owen,Clark,11/11/83,9100000027,2026-06-06,,,H10.9|R51.9,70036|70037,3152.50,USD,0.988,,Clean OCR extraction,NOISY,AMBIGUOUS_DOB
DOC-0119,CLM-4119,POL-100119,Priya,Lee,1984-12-12,910000,2026-06-07,,,J45.909|K52.9,70038|70039,3176.25,USD,0.998,,Clean OCR extraction,NOISY,TRUNCATED_NPI
DOC-0120,CLM-4120,POL-100120,Quinn,Allen,1985-01-13,910 000 0041,2026-06-08,,,J18.9|R05.9,70040|70041,3200.00,USD,0.889,,Clean OCR extraction,NOISY,NPI_SPACES
DOC-0121,CLM-4121,POL-100121,Ravi,Wright,1986-02-14,91-000.00048,2026-06-09,,,E11.9|I25.10,70042|70043,3223.75,USD,0.929,,Clean OCR extraction,NOISY,NPI_PUNCTUATION
DOC-0122,CLM-4122,100122,Sara,Davis,1987-03-15,9100000055,2026-06-10,,,K21.9|S93.401A,70044|70045,3247.50,USD,0.200,,Clean OCR extraction,NOISY,POLICY_PREFIX_DROPPED
DOC-0123,CLM-4123,POL-IOOI23,Tom,Taylor,1988-04-16,9100000062,2026-06-11,,,I10|N39.0,70046|70047,3271.25,USD,0.293,,Clean OCR extraction,NOISY,POLICY_CHAR_CONFUSION
DOC-0124,CLM-4124,POL-100124,Um a,Jackson,1989-05-17,9100000069,2026-06-12,,,F41.9|L30.9,70048|70049,3295.00,USD,0.991,,Clean OCR extraction,NOISY,NAME_SPLIT
DOC-0125,CLM-4125,POL-100125,VictorMartin,,1990-06-18,9100000076,2026-06-13,,,R51.9|M79.1,70000|70001,3318.75,USD,0.895,,Clean OCR extraction,NOISY,NAME_MERGED
DOC-0126,CLM-4126,POL-100126,@@F1r$t??,Martinez,1991-07-19,9100000083,2026-06-14,,,K52.9|R07.9,70002|70003,3342.50,USD,0.452,,Clean OCR extraction,NOISY,NAME_GARBAGE
DOC-0127,CLM-4127,POL-100127,Xavier,Rodriguez,1992-08-20,9100000090,2026-06-15,,,R05.9|M54.5,"70004, ; 70005",3366.25,USD,0.585,,Clean OCR extraction,NOISY,BROKEN_CODE_DELIMITER
DOC-0128,CLM-4128,POL-100128,Yara,Walker,1993-09-21,9100000097,2026-06-16,,,12510|M25561,70006|70007,3390.00,USD,0.765,,Clean OCR extraction,NOISY,CORRUPTED_DIAGNOSIS
DOC-0129,CLM-4129,POL-100129,Zane,Young,1994-10-22,9100000004,2026-06-17,,,S93.401A|R10.9,70008|7,3413.75,USD,0.479,,Clean OCR extraction,NOISY,PARTIAL_PROCEDURE_CODE
DOC-0130,CLM-4130,POL-100130,Alice,Johnson,1995-11-23,9100000011,2026-06-18,,,N39.0|G43.909,70010|70011,$3437.50,USD,0.876,,Clean OCR extraction,NOISY,AMOUNT_WITH_CURRENCY_SYMBOL
DOC-0131,CLM-4131,POL-100131,Bob,Wilson,1996-12-24,9100000018,2026-06-19,,,L30.9|H10.9,70012|70013,"3461,25",USD,0.653,,Clean OCR extraction,NOISY,AMOUNT_COMMA_DECIMAL
DOC-0132,CLM-4132,POL-100132,Carol,Anderson,1997-01-25,9100000025,2026-06-20,,,M79.1|J45.909,70014|70015,3485.OO,USD,0.790,,Clean OCR extraction,NOISY,AMOUNT_O_AS_ZERO
DOC-0133,CLM-4133,POL-100133,David,White,1998-02-26,9100000032,2026-06-21,,,R07.9|J18.9,70016|70017,-3508.75,USD,0.989,,Clean OCR extraction,NOISY,NEGATIVE_AMOUNT
DOC-0134,CLM-4134,,,,,,,,,,,,,0.771,,Unreadable blank scan,NOISY,EMPTY_DOCUMENT
DOC-0135,CLM-4135,POL-100135,Frank,Robinson,1955-04-01,9100000046,2026-06-23,,,M25.561|K21.9,70020|70021,3556.25,USD,0.797,,Clean OCR extraction,NOISY,LOW_CONFIDENCE
DOC-0136,CLM-4136,POL-100136,Grace,Lewis,1956-05-02,9100000053,2026-06-24,,,R10.9|I10,70022|70023,3580.00,USD,0.899,123-45-6789,Patient SSN 123-45-6789; phone 408-555-0137,NOISY,PII_IN_NOTES
DOC-0137,CLM-4137,POL-100137,José?,Hall,1957-06-03,9100000060,2026-06-25,,,G43.909|F41.9,70024|70025,3603.75,USD,0.538,,Paciente parcialmente legible अस्पष्ट,NOISY,MULTILINGUAL_NOISE
DOC-0138,CLM-4138,"POL-
100138",Irene,King,1958-07-04,9100000067,2026-06-26,,,H10.9|R51.9,"70026
70027",3627.50,USD,0.809,,Clean OCR extraction,NOISY,LINE_BREAK_ARTIFACT
DOC-0139,CLM-4139,POL-100139,Jack,PATIENT LAST NAME,1959-08-05,9100000074,DATE OF SERVICE,,,J45.909|K52.9,70028|70029,3651.25,USD,0.781,,Clean OCR extraction,NOISY,HEADER_AS_VALUE
DOC-0140,CLM-4140,POL-100140,Karen,Brown,NULL,9100000081,2026-06-28,,,N/A,70030|70031,3675.00,USD,0.972,,Clean OCR extraction,NOISY,NULL_LITERAL
DOC-0141,CLM-4141,	POL-100141 ,   Leo  ,Thomas,1961-10-07,9100000088,2026-06-01,,,E11.9|I25.10,70032|70033,3698.75,USD,0.812,,Clean OCR extraction,NOISY,WHITESPACE_NOISE
DOC-0142,CLM-4142,POL-100142,Maya,Harris,1962-11-08,9100000095,2026-06-02,,,K21.9|S93.401A,70034|70035,3722.50,USO,0.898,,Clean OCR extraction,NOISY,UNSUPPORTED_CURRENCY
DOC-0143,CLM-4143,POL-100143,Nina,Garcia,1963-12-09,9100000002,2026-06-03,,,I10|N39.0,70036|70037,3746.25,USD,0.905,,Clean OCR extraction,NOISY,CONFIDENCE_OVER_ONE
DOC-0144,CLM-4144,POL-100144,Owen,Clark,1964-01-10,9100000009,2026-06-04,,,F41.9|L30.9,70038|70039,3770.00,USD,0.855,,Clean OCR extraction,NOISY,CONFIDENCE_NEGATIVE
DOC-0145,CLM-4145,POL-100145,Priya,Lee,1965-02-11,9100000016,2026-06-05,2026-06-20,2026-06-18,R51.9|M79.1,70040|70041,3793.75,USD,0.479,,Clean OCR extraction,NOISY,ADMISSION_AFTER_DISCHARGE
DOC-0146,CLM-4146,POL-100146,Quinn,Allen,1966-03-12,9100000023,2026-06-20,2026-06-10,2026-06-12,K52.9|R07.9,70042|70043,3817.50,USD,0.439,,Clean OCR extraction,NOISY,SERVICE_OUTSIDE_STAY
DOC-0147,CLM-4147,###POL-100147??,Ravi,Wright,1967-04-13,9100000030,2026-06-07,,,R05.9|M54.5,70044|70045,3841.25,USD,0.983,,Clean OCR extraction,NOISY,EXTRA_RANDOM_CHARACTERS
DOC-0148,CLM-4148,POL-100148,Sara,Davis Davis,1968-05-14,9100000037,2026-06-08,,,I25.10|M25.561,70046|70047,3865.00,USD,0.802,,Clean OCR extraction,NOISY,DUPLICATED_TOKEN
DOC-0149,CLM-4149,POL-100149,moT,Taylor,1969-06-15,9100000044,2026-06-09,,,S93.401A|R10.9,70048|70049,3888.75,USD,0.929,,Clean OCR extraction,NOISY,ROTATED_TEXT_ARTIFACT
DOC-0150,CLM-4150,POL-100150,Uma,Jackson,1970-07-16,9100000051,2026-06-10,,,N39.0|G43.909,70000|70001,3912.50,USD,0.810,,☒ inpatient ☐ outpatient,NOISY,CHECKBOX_AS_TEXT
DOC-0151,CLM-4151,POL-100151,Victor,Martin,1971-08-17,9100000058,2026-06-11,,,L30.9|H10.9|?scribble,70002|70003,3936.25,USD,0.849,,Clean OCR extraction,NOISY,HANDWRITING_FRAGMENT
DOC-0152,CLM-4152,POL-100152,Wendy,Martinez,1972-09-18,9100000065 / 9100000002,2026-06-12,,,M79.1|J45.909,70004|70005,3960.00,USD,0.918,,Clean OCR extraction,NOISY,MULTIPLE_VALUES_SAME_FIELD
DOC-0153,CLM-4153,POL-100153,Xav,Rodriguez,1973-10-19,9100000072,2026-06-13,,,R07.9|J18.9,70006|70007,3983.75,USD,0.825,,Clean OCR extraction,NOISY,HALF_FIRST_NAME
DOC-0154,CLM-4154,POL-100154,Yara,Wal,1974-11-20,9100000079,2026-06-14,,,M54.5|E11.9,70008|70009,4007.50,USD,0.305,,Clean OCR extraction,NOISY,HALF_LAST_NAME
DOC-0155,CLM-4155,POL-100155,Zane,Y0ung,1975-12-21,9100000086,2026-06-15,,,M25.561|K21.9,70010|70011,4031.25,USD,0.937,,Clean OCR extraction,NOISY,O_AS_ZERO
DOC-0156,CLM-4156,POL-100156,Al1ce,Johnson,1976-01-22,9100000093,2026-06-16,,,R10.9|I10,70012|70013,4055.00,USD,0.769,,Clean OCR extraction,NOISY,I_AS_ONE
DOC-0157,CLM-4157,POL-100157,Bob,Wilson,1977-02-23,9100000100,2026-06-17,,,G43.909|F41.9,70014|70015,4078.75,USD,0.865,,Clean OCR extraction,NOISY,S_AS_FIVE
DOC-0158,CLM-4158,,Carol,Anderson,1978-03-24,9100000007,2026-06-18,,,H10.9|R51.9,70016|70017,4102.50,USD,0.999,,Clean OCR extraction,NOISY,MISSING_POLICY
DOC-0159,CLM-4159,POL-100159,David,White,1979-04-25,,2026-06-19,,,J45.909|K52.9,70018|70019,4126.25,USD,0.746,,Clean OCR extraction,NOISY,MISSING_PROVIDER_NPI
DOC-0160,CLM-4160,POL-100160,Eva,Thompson,,9100000021,2026-06-20,,,J18.9|R05.9,70020|70021,4150.00,USD,0.148,,Clean OCR extraction,NOISY,MISSING_DOB
DOC-0161,CLM-4161,POL-100161,Frank,Robinson,1981-06-27,9100000028,2026-06-21,,,E11.9|I25.10,,4173.75,USD,0.238,,Clean OCR extraction,NOISY,MISSING_PROCEDURES
DOC-0162,CLM-4162,POL-100162,Grace,,,,2026-06-22,,,K21.9|S93.401A,,4197.50,USD,0.272,,Clean OCR extraction,NOISY,MULTIPLE_MISSING_FIELDS
DOC-0163,CLM-4163,POL-100163,Henry,Hall,1983-08-02,9100000042,2026-19-44,,,I10|N39.0,70026|70027,4221.25,USD,0.706,,Clean OCR extraction,NOISY,INVALID_SERVICE_DATE
DOC-0164,CLM-4164,POL-100164,Irene,King,09/03/84,9100000049,2026-06-24,,,F41.9|L30.9,70028|70029,4245.00,USD,0.969,,Clean OCR extraction,NOISY,AMBIGUOUS_DOB
DOC-0165,CLM-4165,POL-100165,Jack,Miller,1985-10-04,910000,2026-06-25,,,R51.9|M79.1,70030|70031,4268.75,USD,0.969,,Clean OCR extraction,NOISY,TRUNCATED_NPI
DOC-0166,CLM-4166,POL-100166,Karen,Brown,1986-11-05,910 000 0063,2026-06-26,,,K52.9|R07.9,70032|70033,4292.50,USD,0.843,,Clean OCR extraction,NOISY,NPI_SPACES
DOC-0167,CLM-4167,POL-100167,Leo,Thomas,1987-12-06,91-000.00070,2026-06-27,,,R05.9|M54.5,70034|70035,4316.25,USD,0.790,,Clean OCR extraction,NOISY,NPI_PUNCTUATION
DOC-0168,CLM-4168,100168,Maya,Harris,1988-01-07,9100000077,2026-06-28,,,I25.10|M25.561,70036|70037,4340.00,USD,0.641,,Clean OCR extraction,NOISY,POLICY_PREFIX_DROPPED
DOC-0169,CLM-4169,POL-IOOI69,Nina,Garcia,1989-02-08,9100000084,2026-06-01,,,S93.401A|R10.9,70038|70039,4363.75,USD,0.925,,Clean OCR extraction,NOISY,POLICY_CHAR_CONFUSION
DOC-0170,CLM-4170,POL-100170,Ow en,Clark,1990-03-09,9100000091,2026-06-02,,,N39.0|G43.909,70040|70041,4387.50,USD,0.903,,Clean OCR extraction,NOISY,NAME_SPLIT
DOC-0171,CLM-4171,POL-100171,PriyaLee,,1991-04-10,9100000098,2026-06-03,,,L30.9|H10.9,70042|70043,4411.25,USD,0.741,,Clean OCR extraction,NOISY,NAME_MERGED
DOC-0172,CLM-4172,POL-100172,@@F1r$t??,Allen,1992-05-11,9100000005,2026-06-04,,,M79.1|J45.909,70044|70045,4435.00,USD,0.524,,Clean OCR extraction,NOISY,NAME_GARBAGE
DOC-0173,CLM-4173,POL-100173,Ravi,Wright,1993-06-12,9100000012,2026-06-05,,,R07.9|J18.9,"70046, ; 70047",4458.75,USD,0.105,,Clean OCR extraction,NOISY,BROKEN_CODE_DELIMITER
DOC-0174,CLM-4174,POL-100174,Sara,Davis,1994-07-13,9100000019,2026-06-06,,,M545|E119,70048|70049,4482.50,USD,0.954,,Clean OCR extraction,NOISY,CORRUPTED_DIAGNOSIS
DOC-0175,CLM-4175,POL-100175,Tom,Taylor,1995-08-14,9100000026,2026-06-07,,,M25.561|K21.9,70000|7,4506.25,USD,0.825,,Clean OCR extraction,NOISY,PARTIAL_PROCEDURE_CODE
DOC-0176,CLM-4176,POL-100176,Uma,Jackson,1996-09-15,9100000033,2026-06-08,,,R10.9|I10,70002|70003,$4530.00,USD,0.916,,Clean OCR extraction,NOISY,AMOUNT_WITH_CURRENCY_SYMBOL
DOC-0177,CLM-4177,POL-100177,Victor,Martin,1997-10-16,9100000040,2026-06-09,,,G43.909|F41.9,70004|70005,"4553,75",USD,0.984,,Clean OCR extraction,NOISY,AMOUNT_COMMA_DECIMAL
DOC-0178,CLM-4178,POL-100178,Wendy,Martinez,1998-11-17,9100000047,2026-06-10,,,H10.9|R51.9,70006|70007,4577.5O,USD,0.784,,Clean OCR extraction,NOISY,AMOUNT_O_AS_ZERO
DOC-0179,CLM-4179,POL-100179,Xavier,Rodriguez,1999-12-18,9100000054,2026-06-11,,,J45.909|K52.9,70008|70009,-4601.25,USD,0.780,,Clean OCR extraction,NOISY,NEGATIVE_AMOUNT
DOC-0180,CLM-4180,,,,,,,,,,,,,0.778,,Unreadable blank scan,NOISY,EMPTY_DOCUMENT
DOC-0181,CLM-4061,POL-100061,Ja,Miller,1971-02-08,9100000028,2026-06-05,,,E11.9|I25.10,70022|70023,1798.75,USD,0.888,,Repeated scan,NOISY,DUPLICATE_SCAN
DOC-0182,CLM-4062,POL-100062,Karen,Br,1972-03-09,9100000035,2026-06-06,,,K21.9|S93.401A,70024|70025,1822.50,USD,0.819,,Repeated scan,NOISY,DUPLICATE_SCAN
DOC-0183,CLM-4063,POL-100063,Leo,Th0mas,1973-04-10,9100000042,2026-06-07,,,I10|N39.0,70026|70027,1846.25,USD,0.901,,Repeated scan,NOISY,DUPLICATE_SCAN
DOC-0184,CLM-4064,POL-100064,Maya,Harris,1974-05-11,9100000049,2026-06-08,,,F41.9|L30.9,70028|70029,1870.00,USD,0.929,,Repeated scan,NOISY,DUPLICATE_SCAN
DOC-0185,CLM-4065,POL-100065,Nina,Garcia,1975-06-12,9100000056,2026-06-09,,,R51.9|M79.1,70030|70031,1893.75,USD,0.801,,Repeated scan,NOISY,DUPLICATE_SCAN
DOC-0186,CLM-4066,,Owen,Clark,1976-07-13,9100000063,2026-06-10,,,K52.9|R07.9,70032|70033,1917.50,USD,0.908,,Repeated scan,NOISY,DUPLICATE_SCAN
DOC-0187,CLM-4067,POL-100067,Priya,Lee,1977-08-14,,2026-06-11,,,R05.9|M54.5,70034|70035,1941.25,USD,0.271,,Repeated scan,NOISY,DUPLICATE_SCAN
DOC-0188,CLM-4068,POL-100068,Quinn,Allen,,9100000077,2026-06-12,,,I25.10|M25.561,70036|70037,1965.00,USD,0.417,,Repeated scan,NOISY,DUPLICATE_SCAN
DOC-0189,CLM-4069,POL-100069,Ravi,Wright,1979-10-16,9100000084,2026-06-13,,,S93.401A|R10.9,,1988.75,USD,0.976,,Repeated scan,NOISY,DUPLICATE_SCAN
DOC-0190,CLM-4070,POL-100070,Sara,,,,2026-06-14,,,N39.0|G43.909,,2012.50,USD,0.961,,Repeated scan,NOISY,DUPLICATE_SCAN
DOC-0191,CLM-4071,POL-100071,Tom,Taylor,1981-12-18,9100000014,2026-19-44,,,L30.9|H10.9,70042|70043,3036.24,USD,0.774,,Repeated scan with conflicting fields,NOISY,CONFLICTING_DUPLICATE_SCAN
DOC-0192,CLM-4072,POL-100072,Uma,Jackson,01/19/82,9100000015,2026-06-16,,,M79.1|J45.909,70044|70045,3059.99,USD,0.856,,Repeated scan with conflicting fields,NOISY,CONFLICTING_DUPLICATE_SCAN
DOC-0193,CLM-4073,POL-100073,Victor,Martin,1983-02-20,9100000016,2026-06-17,,,R07.9|J18.9,70046|70047,3083.74,USD,0.280,,Repeated scan with conflicting fields,NOISY,CONFLICTING_DUPLICATE_SCAN
DOC-0194,CLM-4074,POL-100074,Wendy,Martinez,1984-03-21,9100000017,2026-06-18,,,M54.5|E11.9,70048|70049,3107.49,USD,0.102,,Repeated scan with conflicting fields,NOISY,CONFLICTING_DUPLICATE_SCAN
DOC-0195,CLM-4075,POL-100075,Xavier,Rodriguez,1985-04-22,9100000018,2026-06-19,,,M25.561|K21.9,70000|70001,3131.24,USD,0.600,,Repeated scan with conflicting fields,NOISY,CONFLICTING_DUPLICATE_SCAN
DOC-0196,CLM-4076,100076,Yara,Walker,1986-05-23,9100000019,2026-06-20,,,R10.9|I10,70002|70003,3154.99,USD,0.513,,Repeated scan with conflicting fields,NOISY,CONFLICTING_DUPLICATE_SCAN
DOC-0197,CLM-4077,POL-IOOO77,Zane,Young,1987-06-24,9100000020,2026-06-21,,,G43.909|F41.9,70004|70005,3178.74,USD,0.816,,Repeated scan with conflicting fields,NOISY,CONFLICTING_DUPLICATE_SCAN
DOC-0198,CLM-4078,POL-100078,Al ice,Johnson,1988-07-25,9100000021,2026-06-22,,,H10.9|R51.9,70006|70007,3202.49,USD,0.935,,Repeated scan with conflicting fields,NOISY,CONFLICTING_DUPLICATE_SCAN
DOC-0199,CLM-4079,POL-100079,BobWilson,,1989-08-26,9100000022,2026-06-23,,,J45.909|K52.9,70008|70009,3226.24,USD,0.888,,Repeated scan with conflicting fields,NOISY,CONFLICTING_DUPLICATE_SCAN
DOC-0200,CLM-4080,POL-100080,@@F1r$t??,Anderson,1990-09-27,9100000023,2026-06-24,,,J18.9|R05.9,70010|70011,3249.99,USD,0.857,,Repeated scan with conflicting fields,NOISY,CONFLICTING_DUPLICATE_SCAN
